Semilla,Evaluaciones,Kilometros
13961564.0,100.0,415.8519078566162
190879351.0,100.0,419.7459760653123
98576233.0,100.0,409.5387713060216
45672790.0,100.0,412.8582687374047
190879351.0,100.0,419.7459760653123
