Semilla,Evaluaciones,Kilometros
13961564.0,3174.0,389.32687726364446
190879351.0,3189.0,394.8516793208953
98576233.0,3195.0,397.4951377643274
45672790.0,3190.0,399.6072950602613
190879351.0,3189.0,394.8516793208953
